CustomerID,LastPurchaseDate,Recency,Frequency,Monetary,Gender,City,AgeGroup
CUST_0001,2024-11-22,217,18,3326.11,Male,Delhi,45-54
CUST_0002,2024-11-22,217,12,3108.53,Female,Bengaluru,55+
CUST_0003,2024-10-22,248,14,2475.63,Male,Pune,18-24
CUST_0004,2024-12-08,201,17,5213.05,Female,Ahmedabad,25-34
CUST_0005,2024-11-01,238,10,3034.05,Male,Kolkata,18-24
CUST_0006,2024-11-16,223,13,2976.03,Male,Ahmedabad,45-54
CUST_0007,2024-12-01,208,23,5924.48,Other,Hyderabad,25-34
CUST_0008,2024-12-20,189,14,4171.7,Other,Chennai,18-24
CUST_0009,2024-12-31,178,15,3659.42,Male,Mumbai,18-24
CUST_0010,2024-12-01,208,7,1679.7,Other,Hyderabad,35-44
CUST_0011,2024-11-29,210,11,3398.15,Male,Kolkata,55+
CUST_0012,2024-07-07,355,5,754.6600000000001,Other,Mumbai,55+
CUST_0013,2024-12-09,200,16,3704.27,Other,Bengaluru,18-24
CUST_0014,2024-06-19,373,10,2288.98,Female,Hyderabad,35-44
CUST_0015,2024-10-30,240,13,2187.56,Other,Kolkata,18-24
CUST_0016,2024-12-01,208,12,2572.59,Female,Hyderabad,25-34
CUST_0017,2024-03-30,454,8,1924.51,Other,Chennai,18-24
CUST_0018,2024-12-29,180,10,3128.3,Other,Chennai,25-34
CUST_0019,2024-11-26,213,14,3611.32,Male,Hyderabad,55+
CUST_0020,2024-09-26,274,7,1889.02,Female,Delhi,55+
CUST_0021,2024-11-23,216,7,1597.15,Other,Ahmedabad,18-24
CUST_0022,2024-12-22,187,6,1496.03,Male,Pune,45-54
CUST_0023,2024-12-28,181,18,4108.11,Other,Ahmedabad,55+
CUST_0024,2024-12-30,179,15,3395.73,Other,Bengaluru,18-24
CUST_0025,2024-11-17,222,10,1957.32,Female,Mumbai,45-54
CUST_0026,2024-12-10,199,18,3891.95,Female,Kolkata,18-24
CUST_0027,2024-12-31,178,23,5549.19,Male,Delhi,25-34
CUST_0028,2024-11-14,225,11,2575.2200000000003,Female,Ahmedabad,18-24
CUST_0029,2024-11-28,211,17,3796.83,Male,Bengaluru,55+
CUST_0030,2024-11-03,236,17,4733.15,Male,Chennai,35-44
CUST_0031,2024-12-16,193,16,3962.83,Female,Pune,25-34
CUST_0032,2024-12-21,188,21,4639.98,Female,Ahmedabad,55+
CUST_0033,2024-08-03,328,6,1499.35,Other,Delhi,45-54
CUST_0034,2024-12-20,189,16,4210.87,Male,Ahmedabad,35-44
CUST_0035,2024-08-08,323,8,1468.0,Other,Bengaluru,35-44
CUST_0036,2024-12-20,189,6,1202.47,Male,Chennai,45-54
CUST_0037,2024-12-24,185,14,3804.54,Other,Ahmedabad,55+
CUST_0038,2024-12-01,208,16,4094.2200000000003,Other,Hyderabad,35-44
CUST_0039,2024-09-10,290,12,2564.62,Male,Kolkata,55+
CUST_0040,2024-06-12,380,4,1027.76,Female,Chennai,25-34
CUST_0041,2024-09-19,281,15,4222.7,Male,Mumbai,45-54
CUST_0042,2024-12-30,179,15,3572.35,Female,Bengaluru,55+
CUST_0043,2024-09-17,283,13,3225.77,Other,Hyderabad,55+
CUST_0044,2024-10-16,254,24,6084.36,Other,Delhi,55+
CUST_0045,2024-10-10,260,10,2882.06,Male,Ahmedabad,25-34
CUST_0046,2024-07-09,353,20,5329.84,Male,Pune,35-44
CUST_0047,2024-10-25,245,18,5189.04,Male,Chennai,18-24
CUST_0048,2024-07-26,336,6,1023.27,Other,Ahmedabad,55+
CUST_0049,2024-11-18,221,15,5159.58,Other,Chennai,25-34
CUST_0050,2024-09-18,282,10,2724.36,Other,Delhi,25-34
CUST_0051,2024-11-21,218,16,4190.02,Other,Kolkata,45-54
CUST_0052,2024-11-15,224,20,5253.13,Male,Mumbai,35-44
CUST_0053,2024-11-12,227,18,5006.41,Female,Delhi,25-34
CUST_0054,2024-11-16,223,19,6596.35,Male,Kolkata,45-54
CUST_0055,2024-10-14,256,11,2430.79,Male,Mumbai,18-24
CUST_0056,2024-11-20,219,12,3197.2599999999998,Other,Hyderabad,18-24
CUST_0057,2024-11-04,235,16,3784.13,Female,Chennai,25-34
CUST_0058,2024-12-24,185,20,4942.58,Other,Pune,25-34
CUST_0059,2024-12-12,197,23,5486.5,Female,Mumbai,55+
CUST_0060,2024-11-28,211,9,2221.38,Female,Hyderabad,55+
CUST_0061,2024-10-17,253,10,2287.79,Male,Chennai,18-24
CUST_0062,2024-08-20,311,12,2946.98,Female,Hyderabad,35-44
CUST_0063,2024-10-18,252,5,960.9200000000001,Male,Chennai,25-34
CUST_0064,2024-09-09,291,20,5232.68,Male,Delhi,35-44
CUST_0065,2024-09-16,284,10,2438.79,Other,Bengaluru,55+
CUST_0066,2024-12-13,196,19,4986.43,Male,Pune,35-44
CUST_0067,2024-12-24,185,8,2396.85,Female,Chennai,25-34
CUST_0068,2024-12-01,208,9,2213.97,Male,Pune,18-24
CUST_0069,2024-12-27,182,14,3122.09,Female,Ahmedabad,45-54
CUST_0070,2024-11-28,211,15,3117.98,Female,Bengaluru,35-44
CUST_0071,2024-11-26,213,18,4714.79,Male,Ahmedabad,25-34
CUST_0072,2024-12-20,189,13,2975.73,Male,Bengaluru,55+
CUST_0073,2024-12-03,206,5,1677.44,Female,Delhi,35-44
CUST_0074,2024-12-23,186,17,4446.47,Female,Bengaluru,55+
CUST_0075,2024-09-10,290,25,6975.4,Other,Kolkata,18-24
CUST_0076,2024-10-26,244,23,5667.12,Male,Ahmedabad,45-54
CUST_0077,2024-12-27,182,19,5028.66,Other,Pune,35-44
CUST_0078,2024-10-25,245,11,3625.56,Other,Mumbai,35-44
CUST_0079,2024-12-23,186,21,5665.54,Other,Mumbai,18-24
CUST_0080,2024-12-01,208,13,3884.01,Male,Mumbai,18-24
CUST_0081,2024-12-12,197,16,3549.86,Female,Mumbai,18-24
CUST_0082,2024-12-13,196,19,4872.27,Female,Bengaluru,35-44
CUST_0083,2024-12-07,202,14,4924.8,Male,Pune,25-34
CUST_0084,2024-12-05,204,18,4091.38,Male,Pune,25-34
CUST_0085,2024-12-22,187,16,4464.61,Other,Mumbai,45-54
CUST_0086,2024-12-20,189,21,4485.87,Male,Pune,18-24
CUST_0087,2024-06-25,367,5,1070.54,Female,Hyderabad,45-54
CUST_0088,2024-11-22,217,13,3924.68,Other,Bengaluru,25-34
CUST_0089,2024-12-05,204,19,5177.08,Female,Mumbai,55+
CUST_0090,2024-12-25,184,13,2688.34,Male,Bengaluru,55+
CUST_0091,2024-12-04,205,21,5399.26,Male,Delhi,18-24
CUST_0092,2024-11-07,232,16,3361.7,Female,Delhi,18-24
CUST_0093,2024-12-13,196,12,4073.96,Other,Bengaluru,45-54
CUST_0094,2024-12-22,187,13,3488.18,Male,Hyderabad,25-34
CUST_0095,2024-12-17,192,22,6165.35,Female,Bengaluru,55+
CUST_0096,2024-12-13,196,13,2866.83,Other,Chennai,35-44
CUST_0097,2024-10-26,244,10,2293.69,Other,Kolkata,45-54
CUST_0098,2024-12-14,195,11,3120.95,Female,Hyderabad,55+
CUST_0099,2024-12-05,204,9,2737.25,Other,Chennai,25-34
CUST_0100,2024-12-29,180,24,7216.63,Female,Pune,55+
CUST_0101,2024-11-28,211,12,3361.25,Other,Bengaluru,25-34
CUST_0102,2024-09-06,294,20,5023.88,Other,Delhi,45-54
CUST_0103,2024-09-07,293,14,3601.2799999999997,Other,Kolkata,45-54
CUST_0104,2024-09-17,283,10,3145.44,Female,Chennai,45-54
CUST_0105,2024-12-09,200,12,2666.94,Other,Ahmedabad,25-34
CUST_0106,2024-12-19,190,11,2654.38,Male,Delhi,25-34
CUST_0107,2024-12-24,185,20,4763.33,Male,Ahmedabad,55+
CUST_0108,2024-08-30,301,9,2703.77,Female,Hyderabad,18-24
CUST_0109,2024-05-14,409,6,1876.7,Other,Hyderabad,35-44
CUST_0110,2024-11-05,234,10,2721.23,Male,Pune,55+
CUST_0111,2024-11-15,224,16,4577.63,Male,Chennai,45-54
CUST_0112,2024-12-31,178,23,4859.7,Male,Bengaluru,35-44
CUST_0113,2024-10-23,247,21,5302.86,Female,Ahmedabad,18-24
CUST_0114,2024-12-23,186,9,2209.24,Male,Mumbai,55+
CUST_0115,2024-11-18,221,16,4263.71,Other,Chennai,35-44
CUST_0116,2024-12-18,191,13,2625.39,Other,Bengaluru,35-44
CUST_0117,2024-12-03,206,16,4563.37,Male,Pune,25-34
CUST_0118,2024-12-22,187,14,2542.88,Female,Mumbai,45-54
CUST_0119,2024-11-19,220,14,4182.45,Other,Delhi,18-24
CUST_0120,2024-11-11,228,21,5378.66,Other,Kolkata,25-34
CUST_0121,2024-12-28,181,14,3198.3,Female,Mumbai,55+
CUST_0122,2024-12-08,201,17,4975.53,Female,Kolkata,55+
CUST_0123,2024-10-16,254,6,1325.76,Female,Pune,25-34
CUST_0124,2024-12-25,184,11,3118.23,Male,Bengaluru,25-34
CUST_0125,2024-11-14,225,20,4735.55,Other,Ahmedabad,35-44
CUST_0126,2024-12-28,181,14,3850.48,Other,Delhi,35-44
CUST_0127,2024-09-07,293,18,4827.88,Female,Mumbai,45-54
CUST_0128,2024-10-08,262,11,2988.5499999999997,Other,Bengaluru,35-44
CUST_0129,2024-12-11,198,21,5436.22,Male,Mumbai,25-34
CUST_0130,2024-12-20,189,11,3090.76,Female,Delhi,35-44
CUST_0131,2024-01-30,514,1,404.64,Male,Bengaluru,18-24
CUST_0132,2024-12-01,208,10,2738.11,Female,Chennai,25-34
CUST_0133,2024-11-05,234,21,4488.43,Female,Hyderabad,18-24
CUST_0134,2024-11-13,226,15,4608.18,Male,Kolkata,45-54
CUST_0135,2024-08-16,315,6,1132.65,Male,Mumbai,18-24
CUST_0136,2024-12-27,182,20,5077.0599999999995,Other,Delhi,45-54
CUST_0137,2024-12-27,182,17,3563.8,Other,Pune,45-54
CUST_0138,2024-11-30,209,17,3168.37,Male,Delhi,55+
CUST_0139,2024-11-19,220,12,3078.17,Male,Kolkata,45-54
CUST_0140,2024-09-28,272,11,2812.92,Male,Ahmedabad,18-24
CUST_0141,2024-11-17,222,15,3792.48,Other,Delhi,35-44
CUST_0142,2024-12-08,201,10,2774.44,Other,Pune,25-34
CUST_0143,2024-12-07,202,11,2298.55,Female,Chennai,35-44
CUST_0144,2024-10-07,263,7,839.92,Female,Mumbai,18-24
CUST_0145,2024-09-25,275,9,2594.12,Other,Pune,35-44
CUST_0146,2024-11-30,209,14,3580.46,Male,Ahmedabad,55+
CUST_0147,2024-11-09,230,3,1264.06,Other,Kolkata,35-44
CUST_0148,2024-11-22,217,15,4026.98,Other,Ahmedabad,35-44
CUST_0149,2024-12-17,192,18,3798.73,Female,Ahmedabad,35-44
CUST_0150,2024-05-26,397,20,4847.74,Male,Delhi,25-34
CUST_0151,2024-12-18,191,15,4794.86,Male,Delhi,55+
CUST_0152,2024-11-19,220,11,2450.38,Female,Mumbai,55+
CUST_0153,2024-12-02,207,14,3630.84,Female,Hyderabad,35-44
CUST_0154,2024-11-21,218,15,4084.39,Female,Bengaluru,25-34
CUST_0155,2024-10-24,246,16,4083.48,Female,Delhi,35-44
CUST_0156,2024-08-30,301,16,3348.94,Female,Mumbai,55+
CUST_0157,2024-11-28,211,11,2696.35,Male,Hyderabad,25-34
CUST_0158,2024-07-20,342,14,2910.8,Other,Hyderabad,45-54
CUST_0159,2024-10-14,256,18,4767.09,Male,Delhi,35-44
CUST_0160,2024-10-29,241,17,4287.84,Other,Hyderabad,45-54
CUST_0161,2024-12-20,189,14,3629.41,Other,Chennai,25-34
CUST_0162,2024-12-21,188,16,4238.84,Male,Chennai,35-44
CUST_0163,2024-11-28,211,27,7547.96,Male,Delhi,25-34
CUST_0164,2024-11-04,235,14,3618.4,Other,Hyderabad,25-34
CUST_0165,2024-12-15,194,24,5453.68,Male,Mumbai,18-24
CUST_0166,2024-12-20,189,21,5717.889999999999,Other,Chennai,18-24
CUST_0167,2024-10-05,265,11,2448.89,Female,Pune,25-34
CUST_0168,2024-12-21,188,20,4107.13,Other,Pune,55+
CUST_0169,2024-06-20,372,10,2242.41,Other,Delhi,45-54
CUST_0170,2024-06-03,389,5,1796.51,Male,Delhi,25-34
CUST_0171,2024-12-05,204,18,4515.92,Male,Hyderabad,45-54
CUST_0172,2024-10-04,266,9,2314.08,Male,Delhi,45-54
CUST_0173,2024-12-08,201,23,5112.36,Female,Pune,45-54
CUST_0174,2024-09-25,275,8,1397.21,Male,Kolkata,35-44
CUST_0175,2024-04-11,442,8,1982.14,Male,Delhi,25-34
CUST_0176,2024-11-09,230,11,3463.7799999999997,Other,Pune,25-34
CUST_0177,2024-12-05,204,18,4850.5,Female,Ahmedabad,18-24
CUST_0178,2024-07-28,334,10,2589.91,Other,Ahmedabad,18-24
CUST_0179,2024-11-30,209,15,4208.94,Female,Kolkata,45-54
CUST_0180,2024-11-05,234,12,3450.5099999999998,Male,Kolkata,25-34
CUST_0181,2024-10-09,261,10,2781.07,Male,Bengaluru,25-34
CUST_0182,2024-12-17,192,17,4099.98,Male,Mumbai,18-24
CUST_0183,2024-10-09,261,16,3708.69,Female,Mumbai,18-24
CUST_0184,2024-11-14,225,11,2549.64,Other,Chennai,35-44
CUST_0185,2024-12-01,208,17,3290.9900000000002,Female,Mumbai,35-44
CUST_0186,2024-10-09,261,6,1707.9,Male,Hyderabad,25-34
CUST_0187,2024-09-26,274,12,3355.31,Female,Chennai,45-54
CUST_0188,2024-12-12,197,14,3750.51,Male,Kolkata,35-44
CUST_0189,2024-11-13,226,8,2155.91,Female,Pune,35-44
CUST_0190,2024-12-22,187,19,4798.4,Female,Mumbai,18-24
CUST_0191,2024-11-22,217,14,2636.51,Female,Delhi,25-34
CUST_0192,2024-12-29,180,25,6719.87,Other,Chennai,35-44
CUST_0193,2024-12-22,187,26,6252.98,Other,Chennai,25-34
CUST_0194,2024-08-08,323,18,4433.28,Other,Kolkata,18-24
CUST_0195,2024-12-17,192,11,2868.71,Other,Hyderabad,18-24
CUST_0196,2024-11-29,210,11,3456.86,Female,Bengaluru,55+
CUST_0197,2024-11-18,221,20,6206.59,Female,Delhi,55+
CUST_0198,2024-12-23,186,17,5485.27,Male,Mumbai,45-54
CUST_0199,2024-10-30,240,11,3310.29,Male,Delhi,18-24
CUST_0200,2024-03-14,470,8,1984.27,Female,Bengaluru,18-24
CUST_0201,2024-11-17,222,11,2632.9300000000003,Male,Bengaluru,25-34
CUST_0202,2024-12-09,200,6,1394.6299999999999,Other,Delhi,25-34
CUST_0203,2024-08-27,304,13,3249.3,Other,Chennai,35-44
CUST_0204,2024-11-28,211,17,3878.33,Male,Mumbai,18-24
CUST_0205,2024-06-26,366,7,1973.6399999999999,Female,Bengaluru,18-24
CUST_0206,2024-12-06,203,14,2932.55,Female,Hyderabad,25-34
CUST_0207,2024-09-28,272,16,3875.69,Female,Chennai,25-34
CUST_0208,2024-12-18,191,25,5219.09,Female,Chennai,35-44
CUST_0209,2024-07-14,348,6,2026.76,Female,Chennai,55+
CUST_0210,2024-12-23,186,14,3416.37,Male,Hyderabad,35-44
CUST_0211,2024-08-16,315,8,1907.8700000000001,Other,Chennai,35-44
CUST_0212,2024-10-04,266,12,2515.7200000000003,Female,Hyderabad,55+
CUST_0213,2024-09-05,295,4,1119.18,Male,Bengaluru,25-34
CUST_0214,2024-12-23,186,20,4692.91,Male,Pune,25-34
CUST_0215,2024-12-08,201,20,5461.84,Male,Chennai,45-54
CUST_0216,2024-11-21,218,19,3380.17,Female,Ahmedabad,45-54
CUST_0217,2024-10-05,265,7,2568.24,Other,Ahmedabad,35-44
CUST_0218,2024-12-18,191,15,3828.87,Other,Chennai,35-44
CUST_0219,2024-11-22,217,18,4429.76,Male,Delhi,18-24
CUST_0220,2024-12-15,194,9,2852.02,Male,Pune,35-44
CUST_0221,2024-09-01,299,14,2972.7599999999998,Other,Ahmedabad,35-44
CUST_0222,2024-11-16,223,20,5560.69,Male,Bengaluru,35-44
CUST_0223,2024-11-07,232,11,2866.23,Male,Chennai,45-54
CUST_0224,2023-08-21,676,6,2087.12,Other,Delhi,18-24
CUST_0225,2024-09-25,275,15,4416.64,Female,Pune,45-54
CUST_0226,2024-08-16,315,9,2329.56,Female,Bengaluru,18-24
CUST_0227,2024-12-13,196,20,5319.51,Female,Mumbai,55+
CUST_0228,2024-12-04,205,15,3902.18,Male,Chennai,18-24
CUST_0229,2024-10-22,248,19,4179.89,Female,Bengaluru,25-34
CUST_0230,2024-10-20,250,5,835.5400000000001,Female,Chennai,25-34
CUST_0231,2024-11-23,216,1,367.32,Other,Mumbai,18-24
CUST_0232,2024-12-16,193,16,4621.04,Male,Hyderabad,35-44
CUST_0233,2024-11-02,237,12,3048.56,Other,Delhi,45-54
CUST_0234,2024-10-30,240,15,3992.68,Male,Pune,25-34
CUST_0235,2024-12-03,206,16,3847.1,Female,Delhi,45-54
CUST_0236,2024-11-22,217,13,3125.88,Female,Kolkata,25-34
CUST_0237,2024-11-27,212,24,5631.36,Female,Chennai,45-54
CUST_0238,2024-09-15,285,9,1984.4,Female,Pune,55+
CUST_0239,2024-12-26,183,13,3407.56,Female,Chennai,25-34
CUST_0240,2024-12-27,182,19,4047.46,Other,Chennai,45-54
CUST_0241,2024-11-15,224,22,6589.0199999999995,Male,Hyderabad,18-24
CUST_0242,2024-08-04,327,12,2971.0,Female,Chennai,55+
CUST_0243,2024-12-03,206,11,3170.74,Other,Bengaluru,45-54
CUST_0244,2024-12-04,205,13,3050.73,Male,Pune,18-24
CUST_0245,2024-09-21,279,14,3657.31,Other,Delhi,35-44
CUST_0246,2024-12-28,181,14,3915.6800000000003,Female,Hyderabad,55+
CUST_0247,2024-10-30,240,13,2959.74,Male,Bengaluru,18-24
CUST_0248,2024-06-14,378,14,3655.65,Female,Pune,35-44
CUST_0249,2024-08-28,303,9,2296.29,Male,Kolkata,25-34
CUST_0250,2024-11-12,227,16,3877.58,Other,Kolkata,35-44
CUST_0251,2024-09-16,284,14,3746.52,Other,Delhi,35-44
CUST_0252,2024-11-26,213,12,3195.37,Female,Chennai,18-24
CUST_0253,2024-12-16,193,12,2632.02,Female,Pune,35-44
CUST_0254,2024-10-28,242,21,5547.57,Other,Bengaluru,18-24
CUST_0255,2024-10-31,239,10,2864.92,Male,Mumbai,25-34
CUST_0256,2024-12-11,198,16,3891.29,Male,Chennai,35-44
CUST_0257,2024-12-22,187,11,2809.15,Female,Chennai,18-24
CUST_0258,2024-12-26,183,10,3462.72,Other,Delhi,25-34
CUST_0259,2024-11-05,234,17,2942.47,Male,Ahmedabad,45-54
CUST_0260,2024-11-27,212,25,7026.07,Male,Ahmedabad,35-44
CUST_0261,2024-12-30,179,18,4499.16,Female,Pune,55+
CUST_0262,2024-10-30,240,12,2320.51,Other,Hyderabad,35-44
CUST_0263,2024-09-30,270,14,3272.0,Other,Chennai,18-24
CUST_0264,2024-12-25,184,9,2444.82,Other,Bengaluru,55+
CUST_0265,2024-12-01,208,18,4017.89,Female,Chennai,25-34
CUST_0266,2024-12-16,193,19,3736.2,Male,Kolkata,18-24
CUST_0267,2024-12-25,184,23,6572.29,Female,Kolkata,35-44
CUST_0268,2024-12-01,208,23,6091.7,Other,Kolkata,45-54
CUST_0269,2024-12-05,204,14,3521.67,Female,Kolkata,18-24
CUST_0270,2024-12-10,199,18,4774.25,Other,Bengaluru,45-54
CUST_0271,2024-12-06,203,17,5614.08,Other,Bengaluru,18-24
CUST_0272,2024-12-29,180,19,3970.2799999999997,Other,Bengaluru,18-24
CUST_0273,2024-12-24,185,14,3295.8,Female,Mumbai,18-24
CUST_0274,2024-12-03,206,19,4377.96,Male,Pune,25-34
CUST_0275,2024-06-15,377,10,2848.9,Female,Hyderabad,18-24
CUST_0276,2024-12-02,207,8,1597.13,Male,Chennai,55+
CUST_0277,2024-11-26,213,13,3525.0299999999997,Other,Bengaluru,55+
CUST_0278,2024-11-19,220,14,2633.83,Female,Hyderabad,45-54
CUST_0279,2024-12-19,190,12,2777.04,Other,Ahmedabad,18-24
CUST_0280,2024-04-08,445,7,1880.98,Female,Mumbai,18-24
CUST_0281,2024-12-25,184,11,3028.7,Male,Hyderabad,55+
CUST_0282,2024-12-20,189,18,4708.97,Other,Hyderabad,18-24
CUST_0283,2024-11-12,227,16,3536.0299999999997,Female,Pune,35-44
CUST_0284,2024-11-25,214,18,4660.08,Other,Pune,35-44
CUST_0285,2024-08-20,311,8,1953.26,Female,Delhi,55+
CUST_0286,2024-12-05,204,15,3710.01,Female,Delhi,18-24
CUST_0287,2024-09-29,271,17,3597.38,Female,Bengaluru,18-24
CUST_0288,2024-08-02,329,11,2582.0499999999997,Female,Ahmedabad,35-44
CUST_0289,2024-12-10,199,16,5028.75,Male,Kolkata,35-44
CUST_0290,2024-12-05,204,20,5350.5599999999995,Other,Hyderabad,35-44
CUST_0291,2024-12-28,181,16,3262.15,Female,Chennai,18-24
CUST_0292,2024-12-20,189,12,3288.75,Other,Kolkata,18-24
CUST_0293,2024-12-03,206,24,7019.62,Male,Chennai,55+
CUST_0294,2024-12-31,178,8,2294.87,Female,Ahmedabad,35-44
CUST_0295,2024-12-07,202,16,4025.05,Female,Chennai,18-24
CUST_0296,2024-11-15,224,17,3968.24,Male,Ahmedabad,45-54
CUST_0297,2024-10-03,267,13,3360.86,Other,Ahmedabad,55+
CUST_0298,2024-12-07,202,17,4994.51,Male,Chennai,25-34
CUST_0299,2024-09-27,273,7,2439.82,Other,Pune,18-24
CUST_0300,2024-11-18,221,18,5242.21,Other,Mumbai,55+
CUST_0301,2024-12-02,207,12,2899.64,Other,Chennai,45-54
CUST_0302,2024-09-23,277,16,3932.94,Female,Ahmedabad,55+
CUST_0303,2024-09-20,280,24,6101.95,Female,Chennai,45-54
CUST_0304,2024-11-20,219,18,4806.19,Other,Mumbai,35-44
CUST_0305,2024-11-21,218,15,2714.16,Other,Chennai,45-54
CUST_0306,2024-12-28,181,20,4158.84,Female,Bengaluru,25-34
CUST_0307,2024-12-15,194,20,4801.65,Male,Delhi,18-24
CUST_0308,2024-06-10,382,14,3076.9,Female,Pune,18-24
CUST_0309,2024-09-27,273,12,2743.51,Male,Delhi,45-54
CUST_0310,2024-08-28,303,9,3012.71,Male,Ahmedabad,45-54
CUST_0311,2024-10-24,246,11,2000.86,Male,Ahmedabad,18-24
CUST_0312,2024-11-22,217,15,3544.65,Female,Bengaluru,55+
CUST_0313,2024-07-27,335,13,3593.0499999999997,Other,Kolkata,18-24
CUST_0314,2024-12-26,183,10,3115.22,Other,Kolkata,35-44
CUST_0315,2024-12-19,190,18,5072.32,Male,Chennai,18-24
CUST_0316,2024-12-18,191,5,1144.22,Female,Hyderabad,25-34
CUST_0317,2024-11-27,212,13,3824.96,Female,Hyderabad,25-34
CUST_0318,2024-11-20,219,8,1547.68,Female,Chennai,35-44
CUST_0319,2024-11-18,221,12,2120.16,Other,Chennai,18-24
CUST_0320,2024-11-26,213,14,2940.04,Other,Bengaluru,25-34
CUST_0321,2024-09-16,284,8,2536.52,Other,Bengaluru,25-34
CUST_0322,2024-08-19,312,18,4388.81,Female,Chennai,45-54
CUST_0323,2024-12-26,183,15,4264.16,Female,Chennai,55+
CUST_0324,2024-10-15,255,22,5141.17,Male,Mumbai,35-44
CUST_0325,2024-12-17,192,19,5058.84,Male,Pune,35-44
CUST_0326,2024-11-15,224,16,3786.8,Other,Delhi,45-54
CUST_0327,2024-11-04,235,10,2697.7,Other,Hyderabad,35-44
CUST_0328,2024-09-21,279,10,2938.98,Male,Ahmedabad,45-54
CUST_0329,2024-12-31,178,20,4721.85,Other,Ahmedabad,25-34
CUST_0330,2024-10-14,256,18,4405.46,Male,Hyderabad,35-44
CUST_0331,2024-12-08,201,18,4398.54,Female,Hyderabad,55+
CUST_0332,2024-12-05,204,7,1972.57,Other,Pune,45-54
CUST_0333,2024-11-04,235,13,2630.51,Male,Hyderabad,45-54
CUST_0334,2024-12-22,187,11,2341.29,Male,Kolkata,35-44
CUST_0335,2024-12-16,193,24,6526.3,Other,Hyderabad,55+
CUST_0336,2024-12-31,178,16,3476.02,Other,Bengaluru,45-54
CUST_0337,2024-08-02,329,10,2580.12,Other,Hyderabad,25-34
CUST_0338,2024-12-24,185,3,589.92,Other,Pune,55+
CUST_0339,2024-11-26,213,9,2389.95,Female,Delhi,55+
CUST_0340,2024-12-03,206,10,2670.6,Other,Delhi,55+
CUST_0341,2024-09-30,270,15,3214.8399999999997,Female,Delhi,45-54
CUST_0342,2024-12-22,187,16,4349.91,Male,Kolkata,35-44
CUST_0343,2024-11-11,228,15,3906.71,Female,Bengaluru,25-34
CUST_0344,2024-12-31,178,21,4865.97,Other,Hyderabad,35-44
CUST_0345,2024-12-21,188,17,4179.41,Male,Chennai,18-24
CUST_0346,2024-10-14,256,14,4247.51,Male,Kolkata,35-44
CUST_0347,2024-11-01,238,21,4964.5,Other,Hyderabad,45-54
CUST_0348,2024-12-26,183,20,4299.16,Male,Kolkata,45-54
CUST_0349,2024-10-10,260,9,2508.17,Male,Kolkata,45-54
CUST_0350,2024-12-15,194,11,3996.75,Female,Bengaluru,18-24
CUST_0351,2024-12-05,204,20,5761.88,Other,Chennai,35-44
CUST_0352,2024-07-25,337,20,5600.47,Male,Kolkata,25-34
CUST_0353,2024-10-25,245,25,6783.95,Male,Ahmedabad,55+
CUST_0354,2024-11-17,222,14,3940.05,Other,Hyderabad,45-54
CUST_0355,2024-10-27,243,12,2999.54,Other,Bengaluru,35-44
CUST_0356,2024-12-17,192,9,2412.36,Male,Chennai,55+
CUST_0357,2024-11-30,209,20,4663.44,Other,Kolkata,35-44
CUST_0358,2024-12-26,183,14,2819.63,Female,Chennai,25-34
CUST_0359,2024-12-29,180,11,3044.23,Male,Bengaluru,18-24
CUST_0360,2024-11-09,230,7,2285.37,Female,Kolkata,45-54
CUST_0361,2024-11-21,218,15,3883.78,Other,Hyderabad,35-44
CUST_0362,2024-10-02,268,16,4090.36,Female,Mumbai,45-54
CUST_0363,2024-11-17,222,14,3888.49,Female,Chennai,45-54
CUST_0364,2024-10-20,250,8,2048.44,Other,Bengaluru,35-44
CUST_0365,2024-10-24,246,14,4364.33,Male,Bengaluru,45-54
CUST_0366,2024-12-19,190,15,4775.17,Other,Ahmedabad,18-24
CUST_0367,2024-10-20,250,13,3328.65,Other,Hyderabad,25-34
CUST_0368,2024-07-16,346,1,377.88,Other,Delhi,35-44
CUST_0369,2024-12-06,203,23,5641.53,Other,Mumbai,35-44
CUST_0370,2024-12-23,186,13,3053.91,Male,Ahmedabad,45-54
CUST_0371,2024-12-12,197,26,5646.95,Other,Pune,45-54
CUST_0372,2024-11-14,225,16,4130.09,Female,Hyderabad,18-24
CUST_0373,2024-12-31,178,18,4326.3,Male,Ahmedabad,35-44
CUST_0374,2024-12-12,197,12,2539.3,Male,Chennai,55+
CUST_0375,2024-12-04,205,15,4155.13,Female,Delhi,35-44
CUST_0376,2024-11-25,214,13,3301.68,Female,Mumbai,55+
CUST_0377,2024-12-23,186,31,8143.25,Other,Mumbai,18-24
CUST_0378,2024-11-07,232,15,4788.42,Other,Mumbai,35-44
CUST_0379,2024-10-18,252,12,3471.7,Other,Ahmedabad,45-54
CUST_0380,2024-11-28,211,10,2572.23,Other,Ahmedabad,55+
CUST_0381,2024-11-08,231,16,4143.46,Female,Chennai,55+
CUST_0382,2024-09-07,293,7,2264.12,Other,Delhi,35-44
CUST_0383,2024-11-10,229,13,3953.14,Other,Kolkata,35-44
CUST_0384,2024-12-06,203,7,2107.52,Female,Mumbai,55+
CUST_0385,2024-12-12,197,21,5848.79,Female,Chennai,45-54
CUST_0386,2024-12-11,198,19,4266.92,Other,Kolkata,35-44
CUST_0387,2024-09-25,275,12,3725.75,Male,Delhi,45-54
CUST_0388,2024-12-18,191,14,3540.1,Other,Pune,45-54
CUST_0389,2024-12-01,208,14,2834.57,Female,Mumbai,18-24
CUST_0390,2024-11-30,209,17,4223.32,Female,Pune,35-44
CUST_0391,2024-11-11,228,14,3809.78,Male,Pune,25-34
CUST_0392,2024-11-24,215,15,3802.5099999999998,Other,Delhi,55+
CUST_0393,2024-12-29,180,18,4196.49,Male,Ahmedabad,55+
CUST_0394,2024-12-05,204,14,4398.89,Female,Ahmedabad,25-34
CUST_0395,2024-12-27,182,20,4200.54,Other,Mumbai,45-54
CUST_0396,2024-12-20,189,15,3823.56,Male,Kolkata,25-34
CUST_0397,2024-08-30,301,16,4850.73,Female,Ahmedabad,55+
CUST_0398,2024-10-25,245,8,1612.83,Male,Mumbai,25-34
CUST_0399,2024-12-29,180,23,5906.83,Other,Hyderabad,25-34
CUST_0400,2024-10-09,261,22,6866.91,Female,Bengaluru,18-24
CUST_0401,2024-11-04,235,16,4863.69,Male,Delhi,55+
CUST_0402,2024-07-13,349,9,2404.17,Male,Delhi,18-24
CUST_0403,2024-11-28,211,13,3697.47,Female,Kolkata,35-44
CUST_0404,2024-11-19,220,17,4284.05,Other,Ahmedabad,18-24
CUST_0405,2024-08-23,308,9,2211.65,Other,Bengaluru,35-44
CUST_0406,2024-12-24,185,17,4062.51,Other,Mumbai,18-24
CUST_0407,2024-12-12,197,8,2551.88,Female,Hyderabad,55+
CUST_0408,2024-11-12,227,17,4351.34,Other,Pune,35-44
CUST_0409,2024-10-29,241,14,4054.55,Male,Mumbai,18-24
CUST_0410,2024-10-26,244,14,3006.25,Other,Hyderabad,55+
CUST_0411,2024-12-28,181,10,2695.15,Female,Hyderabad,18-24
CUST_0412,2024-10-04,266,18,5543.49,Male,Delhi,45-54
CUST_0413,2024-12-13,196,18,3403.88,Male,Mumbai,25-34
CUST_0414,2024-12-23,186,9,2701.99,Male,Kolkata,35-44
CUST_0415,2024-10-14,256,15,3645.2,Female,Pune,25-34
CUST_0416,2024-09-30,270,11,2440.08,Other,Ahmedabad,18-24
CUST_0417,2024-07-22,340,15,4658.74,Male,Kolkata,35-44
CUST_0418,2024-11-28,211,20,4557.22,Female,Chennai,18-24
CUST_0419,2024-09-11,289,9,2859.45,Female,Kolkata,45-54
CUST_0420,2024-11-12,227,15,3296.62,Female,Ahmedabad,35-44
CUST_0421,2024-12-02,207,14,3476.26,Male,Chennai,25-34
CUST_0422,2024-11-06,233,10,2856.62,Other,Bengaluru,25-34
CUST_0423,2024-12-29,180,26,7075.56,Female,Chennai,35-44
CUST_0424,2024-10-27,243,17,4601.46,Male,Ahmedabad,45-54
CUST_0425,2024-11-16,223,10,3027.23,Female,Chennai,45-54
CUST_0426,2024-10-08,262,15,3357.39,Male,Hyderabad,55+
CUST_0427,2024-10-28,242,15,4501.13,Female,Hyderabad,35-44
CUST_0428,2024-12-26,183,21,6543.43,Male,Pune,18-24
CUST_0429,2024-11-09,230,12,3735.31,Other,Bengaluru,25-34
CUST_0430,2024-10-28,242,12,2546.22,Other,Pune,25-34
CUST_0431,2024-12-03,206,19,5099.5599999999995,Other,Chennai,35-44
CUST_0432,2024-08-11,320,5,1167.67,Male,Delhi,45-54
CUST_0433,2024-11-25,214,15,3483.95,Male,Bengaluru,35-44
CUST_0434,2024-11-26,213,13,2667.2599999999998,Female,Hyderabad,18-24
CUST_0435,2024-10-29,241,7,2216.72,Other,Kolkata,45-54
CUST_0436,2024-12-30,179,19,5837.18,Other,Bengaluru,25-34
CUST_0437,2024-12-08,201,11,3680.6,Female,Ahmedabad,25-34
CUST_0438,2024-12-05,204,19,4294.5,Female,Delhi,18-24
CUST_0439,2024-12-24,185,18,4224.8,Other,Hyderabad,25-34
CUST_0440,2024-12-06,203,15,3303.33,Female,Ahmedabad,35-44
CUST_0441,2024-12-14,195,9,1846.49,Other,Chennai,45-54
CUST_0442,2024-12-05,204,9,1382.7,Female,Chennai,45-54
CUST_0443,2024-11-28,211,10,2616.0,Male,Bengaluru,35-44
CUST_0444,2024-11-30,209,18,4711.32,Other,Delhi,25-34
CUST_0445,2024-11-08,231,13,3316.21,Female,Chennai,25-34
CUST_0446,2024-10-20,250,7,1983.56,Male,Delhi,35-44
CUST_0447,2024-12-30,179,15,2673.73,Female,Delhi,35-44
CUST_0448,2024-09-29,271,14,3509.92,Other,Pune,25-34
CUST_0449,2024-12-27,182,15,3587.26,Male,Ahmedabad,35-44
CUST_0450,2024-10-18,252,15,4202.34,Male,Kolkata,55+
CUST_0451,2024-12-23,186,14,3391.14,Female,Chennai,55+
CUST_0452,2024-11-03,236,8,2979.05,Female,Chennai,18-24
CUST_0453,2024-12-28,181,12,3119.11,Other,Pune,25-34
CUST_0454,2024-12-02,207,8,2265.5699999999997,Other,Mumbai,18-24
CUST_0455,2024-10-29,241,11,2887.88,Other,Pune,55+
CUST_0456,2024-12-24,185,25,6838.26,Other,Kolkata,25-34
CUST_0457,2024-12-31,178,14,3581.44,Male,Hyderabad,45-54
CUST_0458,2024-12-16,193,21,5256.65,Female,Pune,18-24
CUST_0459,2024-12-12,197,18,5600.89,Other,Mumbai,55+
CUST_0460,2024-11-07,232,20,5040.5,Female,Chennai,18-24
CUST_0461,2024-08-03,328,11,3370.44,Female,Pune,35-44
CUST_0462,2024-08-15,316,5,1161.65,Other,Hyderabad,45-54
CUST_0463,2024-12-27,182,14,4152.53,Male,Kolkata,18-24
CUST_0464,2024-12-13,196,12,2755.64,Other,Hyderabad,45-54
CUST_0465,2024-10-15,255,5,942.66,Male,Kolkata,45-54
CUST_0466,2024-11-25,214,10,2835.59,Other,Ahmedabad,35-44
CUST_0467,2024-10-25,245,13,4405.37,Other,Chennai,35-44
CUST_0468,2024-11-27,212,10,2873.35,Male,Pune,35-44
CUST_0469,2024-11-27,212,17,4111.75,Other,Delhi,18-24
CUST_0470,2024-12-10,199,12,3098.54,Female,Bengaluru,25-34
CUST_0471,2024-07-14,348,15,4326.01,Male,Delhi,25-34
CUST_0472,2024-10-13,257,9,1277.09,Female,Mumbai,55+
CUST_0473,2024-09-18,282,15,4149.08,Male,Chennai,55+
CUST_0474,2024-12-18,191,15,3277.36,Female,Pune,35-44
CUST_0475,2024-11-20,219,10,2802.88,Other,Chennai,45-54
CUST_0476,2024-12-27,182,12,3349.35,Male,Chennai,35-44
CUST_0477,2024-12-28,181,9,1685.6,Female,Pune,25-34
CUST_0478,2024-12-29,180,22,5006.22,Male,Chennai,18-24
CUST_0479,2024-12-31,178,20,4950.42,Other,Bengaluru,45-54
CUST_0480,2024-12-11,198,21,4846.86,Male,Mumbai,35-44
CUST_0481,2024-11-13,226,11,2661.96,Other,Kolkata,18-24
CUST_0482,2024-08-28,303,10,2678.63,Other,Ahmedabad,35-44
CUST_0483,2024-12-18,191,14,4245.74,Male,Chennai,55+
CUST_0484,2024-11-22,217,16,4292.74,Female,Bengaluru,25-34
CUST_0485,2024-08-28,303,12,2972.38,Other,Pune,18-24
CUST_0486,2024-12-27,182,12,2535.4700000000003,Male,Mumbai,55+
CUST_0487,2024-11-24,215,16,3878.08,Other,Bengaluru,55+
CUST_0488,2024-12-13,196,21,6012.47,Male,Mumbai,25-34
CUST_0489,2024-12-27,182,14,3209.72,Male,Hyderabad,35-44
CUST_0490,2024-11-22,217,15,4557.46,Male,Delhi,55+
CUST_0491,2024-10-21,249,8,2107.6,Female,Ahmedabad,55+
CUST_0492,2024-11-07,232,10,2709.46,Female,Kolkata,35-44
CUST_0493,2024-11-25,214,14,3501.62,Female,Kolkata,25-34
CUST_0494,2024-11-20,219,15,2845.16,Other,Hyderabad,18-24
CUST_0495,2024-12-16,193,14,3514.81,Male,Pune,35-44
CUST_0496,2024-11-07,232,21,5847.3,Female,Pune,25-34
CUST_0497,2024-12-26,183,16,4759.3,Female,Pune,35-44
CUST_0498,2024-09-26,274,8,1551.71,Other,Hyderabad,25-34
CUST_0499,2024-09-05,295,17,4350.0,Male,Ahmedabad,55+
CUST_0500,2024-12-19,190,17,4313.91,Female,Hyderabad,25-34
CUST_0501,2024-12-02,207,26,7199.36,Female,Mumbai,45-54
CUST_0502,2024-12-08,201,31,8775.83,Male,Ahmedabad,25-34
CUST_0503,2024-12-06,203,15,3303.22,Other,Delhi,35-44
CUST_0504,2024-12-27,182,24,5801.66,Male,Kolkata,45-54
CUST_0505,2024-12-16,193,19,4247.76,Female,Kolkata,25-34
CUST_0506,2024-12-09,200,20,4098.82,Male,Hyderabad,25-34
CUST_0507,2024-11-02,237,13,3230.55,Other,Chennai,35-44
CUST_0508,2024-12-01,208,16,3645.63,Female,Pune,25-34
CUST_0509,2024-11-29,210,16,4184.34,Female,Kolkata,25-34
CUST_0510,2024-08-13,318,12,2580.7200000000003,Male,Delhi,45-54
CUST_0511,2024-08-30,301,10,2819.13,Male,Kolkata,55+
CUST_0512,2024-11-22,217,19,3230.35,Other,Mumbai,55+
CUST_0513,2024-12-17,192,20,6272.7,Male,Hyderabad,18-24
CUST_0514,2024-12-16,193,14,3248.36,Female,Pune,55+
CUST_0515,2024-12-18,191,14,2980.3,Female,Delhi,55+
CUST_0516,2024-11-28,211,11,2831.65,Male,Delhi,35-44
CUST_0517,2024-12-26,183,21,5051.26,Female,Kolkata,25-34
CUST_0518,2024-12-31,178,16,3642.21,Female,Chennai,18-24
CUST_0519,2024-12-30,179,16,3999.12,Female,Kolkata,45-54
CUST_0520,2024-12-15,194,16,3647.61,Female,Bengaluru,55+
CUST_0521,2024-12-04,205,19,4571.82,Female,Bengaluru,25-34
CUST_0522,2024-05-26,397,16,4287.55,Male,Mumbai,55+
CUST_0523,2024-11-30,209,16,4456.16,Female,Kolkata,35-44
CUST_0524,2024-11-24,215,11,3578.91,Other,Kolkata,55+
CUST_0525,2024-12-17,192,20,4334.58,Female,Kolkata,18-24
CUST_0526,2024-07-08,354,6,1438.25,Female,Ahmedabad,25-34
CUST_0527,2024-11-30,209,18,5239.85,Other,Bengaluru,35-44
CUST_0528,2024-11-03,236,24,6235.29,Male,Hyderabad,45-54
CUST_0529,2024-12-05,204,22,5938.57,Male,Bengaluru,35-44
CUST_0530,2024-11-07,232,15,4457.16,Other,Ahmedabad,55+
CUST_0531,2024-12-30,179,21,5305.98,Male,Mumbai,35-44
CUST_0532,2024-09-24,276,11,2502.48,Female,Pune,45-54
CUST_0533,2024-11-10,229,19,4819.46,Female,Bengaluru,18-24
CUST_0534,2024-10-15,255,20,5766.91,Female,Pune,18-24
CUST_0535,2024-12-01,208,15,3626.56,Other,Ahmedabad,18-24
CUST_0536,2024-12-20,189,21,6305.94,Other,Delhi,18-24
CUST_0537,2024-11-11,228,17,4949.0,Other,Ahmedabad,45-54
CUST_0538,2024-12-02,207,15,3018.49,Male,Delhi,25-34
CUST_0539,2024-12-04,205,13,2759.06,Male,Pune,35-44
CUST_0540,2024-12-08,201,25,6854.82,Female,Pune,18-24
CUST_0541,2024-10-09,261,18,3547.9900000000002,Male,Mumbai,45-54
CUST_0542,2024-12-04,205,14,3473.17,Female,Bengaluru,45-54
CUST_0543,2024-12-13,196,18,3949.5,Female,Hyderabad,55+
CUST_0544,2024-10-08,262,9,2387.4,Female,Hyderabad,45-54
CUST_0545,2024-11-23,216,10,2676.93,Other,Mumbai,55+
CUST_0546,2024-12-02,207,20,4838.99,Male,Hyderabad,35-44
CUST_0547,2024-10-20,250,11,2912.44,Female,Pune,18-24
CUST_0548,2024-11-01,238,23,6272.88,Other,Pune,55+
CUST_0549,2024-12-28,181,18,4812.639999999999,Male,Mumbai,25-34
CUST_0550,2024-02-18,495,6,2071.85,Female,Bengaluru,18-24
CUST_0551,2024-12-15,194,13,3234.75,Other,Chennai,35-44
CUST_0552,2024-09-13,287,11,2274.1800000000003,Female,Bengaluru,55+
CUST_0553,2024-10-26,244,11,2925.03,Male,Delhi,35-44
CUST_0554,2024-08-02,329,19,4888.92,Other,Ahmedabad,35-44
CUST_0555,2024-12-09,200,18,3762.88,Male,Ahmedabad,25-34
CUST_0556,2024-12-17,192,14,3971.95,Other,Bengaluru,45-54
CUST_0557,2024-11-02,237,19,4206.01,Male,Hyderabad,25-34
CUST_0558,2024-12-26,183,6,516.37,Other,Kolkata,35-44
CUST_0559,2024-12-23,186,20,6599.87,Male,Kolkata,45-54
CUST_0560,2024-11-01,238,22,4701.89,Male,Bengaluru,55+
CUST_0561,2024-12-29,180,11,1926.72,Male,Delhi,18-24
CUST_0562,2024-12-14,195,9,2655.76,Other,Pune,55+
CUST_0563,2024-09-28,272,3,573.25,Female,Mumbai,55+
CUST_0564,2024-10-17,253,10,2119.82,Male,Hyderabad,18-24
CUST_0565,2024-12-28,181,17,4714.01,Female,Mumbai,35-44
CUST_0566,2024-12-24,185,18,4831.27,Female,Chennai,25-34
CUST_0567,2024-12-30,179,22,6152.39,Male,Chennai,55+
CUST_0568,2024-12-07,202,11,2004.6299999999999,Female,Chennai,25-34
CUST_0569,2024-11-07,232,16,2905.45,Other,Kolkata,25-34
CUST_0570,2024-10-08,262,12,2753.38,Other,Bengaluru,18-24
CUST_0571,2024-11-11,228,7,2141.11,Male,Bengaluru,25-34
CUST_0572,2024-12-12,197,16,4296.59,Male,Mumbai,35-44
CUST_0573,2024-10-04,266,8,1930.98,Male,Pune,35-44
CUST_0574,2024-10-20,250,15,3546.4,Female,Chennai,25-34
CUST_0575,2024-12-22,187,14,3849.69,Male,Bengaluru,18-24
CUST_0576,2024-12-04,205,23,6912.74,Male,Kolkata,35-44
CUST_0577,2024-12-28,181,16,3342.81,Other,Chennai,45-54
CUST_0578,2024-12-21,188,16,4588.39,Other,Bengaluru,45-54
CUST_0579,2024-12-26,183,24,4994.5,Female,Delhi,35-44
CUST_0580,2024-12-10,199,22,4399.39,Male,Bengaluru,55+
CUST_0581,2024-12-05,204,20,5341.5599999999995,Other,Delhi,55+
CUST_0582,2024-11-26,213,15,3394.81,Other,Delhi,18-24
CUST_0583,2024-12-11,198,10,2567.61,Male,Hyderabad,35-44
CUST_0584,2024-12-28,181,14,3538.16,Other,Mumbai,55+
CUST_0585,2024-10-09,261,22,5862.88,Male,Kolkata,35-44
CUST_0586,2024-10-25,245,16,5133.86,Female,Mumbai,25-34
CUST_0587,2024-12-28,181,18,4846.25,Female,Hyderabad,55+
CUST_0588,2024-03-14,470,7,1897.5,Male,Ahmedabad,45-54
CUST_0589,2024-10-16,254,10,1911.21,Female,Pune,18-24
CUST_0590,2024-11-24,215,17,4058.28,Female,Pune,55+
CUST_0591,2024-10-10,260,13,4440.78,Other,Mumbai,55+
CUST_0592,2024-12-16,193,14,3865.29,Female,Bengaluru,35-44
CUST_0593,2024-11-10,229,17,4416.58,Male,Mumbai,55+
CUST_0594,2024-10-24,246,13,3403.6899999999996,Other,Ahmedabad,45-54
CUST_0595,2024-11-16,223,10,1923.1999999999998,Male,Chennai,25-34
CUST_0596,2024-12-23,186,18,4639.0199999999995,Male,Hyderabad,45-54
CUST_0597,2024-10-08,262,14,3007.13,Male,Pune,55+
CUST_0598,2024-12-26,183,21,5611.11,Female,Mumbai,18-24
CUST_0599,2024-12-03,206,9,2195.81,Female,Ahmedabad,18-24
CUST_0600,2024-06-10,382,15,3550.38,Female,Chennai,55+
CUST_0601,2024-08-23,308,11,2572.18,Female,Bengaluru,45-54
CUST_0602,2024-12-07,202,12,2653.91,Female,Ahmedabad,45-54
CUST_0603,2024-08-18,313,14,3467.98,Other,Ahmedabad,45-54
CUST_0604,2024-12-30,179,12,3263.23,Male,Ahmedabad,45-54
CUST_0605,2024-11-14,225,18,5836.44,Male,Hyderabad,55+
CUST_0606,2024-12-27,182,23,6585.0,Other,Pune,25-34
CUST_0607,2024-11-28,211,6,1508.65,Male,Mumbai,35-44
CUST_0608,2024-09-15,285,6,1126.22,Female,Pune,35-44
CUST_0609,2024-12-09,200,10,3062.7799999999997,Female,Delhi,45-54
CUST_0610,2024-12-03,206,16,4478.13,Other,Pune,45-54
CUST_0611,2024-12-03,206,7,2454.8199999999997,Other,Bengaluru,25-34
CUST_0612,2024-11-17,222,15,3413.76,Female,Delhi,25-34
CUST_0613,2024-12-11,198,13,3858.26,Female,Ahmedabad,18-24
CUST_0614,2024-11-30,209,17,5289.04,Male,Bengaluru,25-34
CUST_0615,2024-12-25,184,14,3237.31,Male,Mumbai,45-54
CUST_0616,2024-12-09,200,18,4088.52,Female,Mumbai,18-24
CUST_0617,2024-07-25,337,13,2927.62,Male,Delhi,55+
CUST_0618,2024-12-31,178,13,2733.81,Male,Kolkata,25-34
CUST_0619,2024-12-05,204,15,3732.4700000000003,Other,Bengaluru,35-44
CUST_0620,2024-12-23,186,7,2166.67,Female,Kolkata,18-24
CUST_0621,2024-11-14,225,22,6659.82,Male,Kolkata,45-54
CUST_0622,2024-12-13,196,26,7693.82,Female,Pune,25-34
CUST_0623,2024-12-09,200,13,3471.91,Other,Ahmedabad,18-24
CUST_0624,2024-08-18,313,15,4420.84,Female,Ahmedabad,55+
CUST_0625,2024-12-16,193,15,3575.73,Other,Ahmedabad,25-34
CUST_0626,2024-11-01,238,8,1422.15,Other,Hyderabad,45-54
CUST_0627,2024-11-27,212,21,3969.6,Other,Kolkata,25-34
CUST_0628,2024-11-25,214,12,2230.23,Male,Kolkata,55+
CUST_0629,2024-11-09,230,13,3130.75,Other,Chennai,18-24
CUST_0630,2024-11-19,220,5,975.99,Male,Chennai,18-24
CUST_0631,2024-10-16,254,13,3228.69,Male,Bengaluru,25-34
CUST_0632,2024-06-17,375,6,1196.81,Other,Mumbai,55+
CUST_0633,2024-11-21,218,17,4465.5,Female,Kolkata,45-54
CUST_0634,2024-12-21,188,14,2828.31,Female,Pune,55+
CUST_0635,2024-11-27,212,16,4831.31,Male,Chennai,18-24
CUST_0636,2024-11-19,220,16,4543.29,Male,Kolkata,35-44
CUST_0637,2024-11-30,209,13,3364.87,Female,Ahmedabad,45-54
CUST_0638,2024-12-27,182,17,4784.32,Female,Delhi,18-24
CUST_0639,2024-10-22,248,17,3697.57,Other,Bengaluru,55+
CUST_0640,2024-12-25,184,17,3837.84,Other,Bengaluru,18-24
CUST_0641,2024-09-30,270,16,3836.29,Other,Mumbai,45-54
CUST_0642,2024-12-29,180,18,4029.1,Male,Chennai,18-24
CUST_0643,2024-11-26,213,19,4687.66,Female,Delhi,45-54
CUST_0644,2024-04-24,429,4,1478.99,Male,Pune,18-24
CUST_0645,2024-11-14,225,5,1643.1599999999999,Other,Delhi,55+
CUST_0646,2024-11-28,211,7,1710.3700000000001,Other,Ahmedabad,35-44
CUST_0647,2024-09-26,274,16,3372.34,Male,Mumbai,55+
CUST_0648,2024-03-06,478,9,3402.29,Female,Bengaluru,45-54
CUST_0649,2024-10-18,252,14,3180.0,Female,Mumbai,18-24
CUST_0650,2024-05-16,407,8,1830.26,Male,Hyderabad,55+
CUST_0651,2024-12-20,189,18,3846.15,Female,Chennai,18-24
CUST_0652,2024-11-04,235,10,2235.46,Female,Kolkata,55+
CUST_0653,2024-12-25,184,12,2783.65,Female,Mumbai,18-24
CUST_0654,2024-11-28,211,12,3777.79,Other,Pune,35-44
CUST_0655,2024-08-09,322,14,3251.95,Male,Chennai,25-34
CUST_0656,2024-11-06,233,17,4032.34,Male,Pune,35-44
CUST_0657,2024-11-30,209,13,3165.6,Other,Pune,35-44
CUST_0658,2024-10-29,241,6,1195.0,Other,Ahmedabad,35-44
CUST_0659,2024-11-07,232,15,4296.03,Male,Delhi,25-34
CUST_0660,2024-08-23,308,10,2706.34,Female,Pune,18-24
CUST_0661,2024-12-30,179,26,7794.23,Male,Kolkata,35-44
CUST_0662,2024-09-17,283,10,2342.3,Other,Bengaluru,55+
CUST_0663,2024-12-21,188,16,4125.9800000000005,Other,Kolkata,55+
CUST_0664,2024-10-31,239,9,1975.58,Male,Pune,35-44
CUST_0665,2024-09-05,295,10,2224.27,Male,Ahmedabad,55+
CUST_0666,2024-11-05,234,18,4711.42,Other,Ahmedabad,18-24
CUST_0667,2024-12-15,194,13,4079.63,Female,Kolkata,25-34
CUST_0668,2024-12-27,182,27,6559.17,Female,Mumbai,35-44
CUST_0669,2024-11-13,226,9,2206.75,Male,Hyderabad,18-24
CUST_0670,2024-12-21,188,16,4449.91,Other,Mumbai,35-44
CUST_0671,2024-08-30,301,13,3407.52,Other,Mumbai,45-54
CUST_0672,2024-12-13,196,8,1524.75,Male,Kolkata,18-24
CUST_0673,2024-12-05,204,13,4340.64,Other,Delhi,35-44
CUST_0674,2024-12-26,183,7,2166.96,Other,Mumbai,18-24
CUST_0675,2024-12-25,184,20,4584.76,Male,Delhi,45-54
CUST_0676,2024-05-26,397,13,2760.03,Female,Bengaluru,45-54
CUST_0677,2024-07-09,353,17,4845.2,Other,Delhi,55+
CUST_0678,2024-12-25,184,11,2472.59,Male,Ahmedabad,18-24
CUST_0679,2024-12-27,182,11,2863.03,Other,Chennai,18-24
CUST_0680,2024-12-31,178,12,2834.94,Other,Ahmedabad,25-34
CUST_0681,2024-11-07,232,9,2759.7,Other,Kolkata,55+
CUST_0682,2024-10-31,239,14,3397.86,Female,Delhi,25-34
CUST_0683,2024-10-27,243,9,1932.08,Female,Bengaluru,18-24
CUST_0684,2024-12-06,203,9,2843.29,Female,Kolkata,55+
CUST_0685,2024-12-24,185,17,4081.33,Male,Ahmedabad,18-24
CUST_0686,2024-12-20,189,14,4117.97,Male,Chennai,35-44
CUST_0687,2024-12-31,178,21,4514.53,Male,Delhi,45-54
CUST_0688,2024-12-28,181,16,2844.71,Female,Hyderabad,18-24
CUST_0689,2024-12-14,195,11,2349.47,Female,Bengaluru,55+
CUST_0690,2024-11-14,225,17,3723.04,Other,Chennai,45-54
CUST_0691,2024-06-06,386,8,1671.03,Male,Mumbai,35-44
CUST_0692,2024-12-19,190,22,5548.05,Female,Kolkata,35-44
CUST_0693,2024-10-25,245,23,5712.75,Male,Bengaluru,45-54
CUST_0694,2024-12-10,199,19,5454.9,Male,Chennai,35-44
CUST_0695,2024-12-10,199,9,2497.65,Other,Hyderabad,55+
CUST_0696,2024-07-17,345,11,2586.02,Other,Delhi,45-54
CUST_0697,2024-12-21,188,10,3108.37,Other,Ahmedabad,18-24
CUST_0698,2024-12-25,184,16,4742.16,Other,Mumbai,18-24
CUST_0699,2024-11-02,237,13,3138.02,Other,Hyderabad,55+
CUST_0700,2024-10-22,248,15,2882.08,Male,Kolkata,25-34
CUST_0701,2024-12-03,206,24,6091.67,Male,Hyderabad,25-34
CUST_0702,2024-12-05,204,19,4140.97,Male,Hyderabad,45-54
CUST_0703,2024-12-18,191,23,5239.8,Other,Pune,45-54
CUST_0704,2024-12-20,189,22,6359.110000000001,Other,Hyderabad,25-34
CUST_0705,2024-10-24,246,15,3834.97,Other,Chennai,45-54
CUST_0706,2024-11-30,209,8,2491.48,Male,Pune,55+
CUST_0707,2024-12-24,185,11,3612.49,Female,Delhi,55+
CUST_0708,2024-11-03,236,18,4556.79,Other,Delhi,25-34
CUST_0709,2024-12-11,198,24,5479.05,Other,Kolkata,45-54
CUST_0710,2024-10-22,248,15,4199.74,Male,Ahmedabad,55+
CUST_0711,2024-10-28,242,19,3930.81,Female,Pune,45-54
CUST_0712,2024-12-27,182,14,2815.14,Female,Bengaluru,45-54
CUST_0713,2024-12-18,191,24,6807.5,Female,Ahmedabad,45-54
CUST_0714,2024-12-04,205,8,1971.56,Male,Hyderabad,45-54
CUST_0715,2024-08-10,321,10,2109.27,Other,Delhi,45-54
CUST_0716,2024-11-15,224,20,5079.22,Female,Hyderabad,35-44
CUST_0717,2024-09-25,275,6,1763.1799999999998,Other,Chennai,25-34
CUST_0718,2024-11-24,215,20,5404.26,Female,Ahmedabad,18-24
CUST_0719,2024-09-30,270,10,2628.03,Female,Mumbai,18-24
CUST_0720,2024-12-22,187,10,3157.25,Other,Pune,25-34
CUST_0721,2024-12-16,193,14,2916.02,Other,Chennai,18-24
CUST_0722,2024-12-20,189,14,3627.31,Female,Bengaluru,55+
CUST_0723,2024-11-29,210,12,2846.65,Other,Chennai,25-34
CUST_0724,2024-12-18,191,12,3528.16,Other,Kolkata,25-34
CUST_0725,2024-08-29,302,11,3370.64,Male,Ahmedabad,35-44
CUST_0726,2024-12-16,193,20,4089.05,Male,Mumbai,18-24
CUST_0727,2024-12-30,179,11,2300.08,Other,Kolkata,25-34
CUST_0728,2024-12-12,197,17,3921.23,Female,Hyderabad,55+
CUST_0729,2024-11-25,214,12,3063.57,Other,Chennai,25-34
CUST_0730,2024-12-14,195,24,6362.14,Male,Bengaluru,25-34
CUST_0731,2024-12-24,185,12,3093.88,Other,Chennai,55+
CUST_0732,2024-10-30,240,11,3697.13,Other,Kolkata,18-24
CUST_0733,2024-11-07,232,12,3155.69,Other,Kolkata,45-54
CUST_0734,2024-12-13,196,17,4552.31,Other,Mumbai,35-44
CUST_0735,2024-12-08,201,14,3674.06,Female,Delhi,18-24
CUST_0736,2024-11-02,237,13,3066.37,Female,Kolkata,35-44
CUST_0737,2024-08-18,313,12,2547.35,Other,Pune,35-44
CUST_0738,2024-11-30,209,11,2227.71,Female,Ahmedabad,45-54
CUST_0739,2024-05-26,397,5,1472.21,Other,Bengaluru,18-24
CUST_0740,2024-12-03,206,18,5298.34,Female,Chennai,18-24
CUST_0741,2024-12-21,188,23,5364.73,Female,Mumbai,18-24
CUST_0742,2024-11-12,227,15,3492.84,Female,Ahmedabad,55+
CUST_0743,2024-10-13,257,18,5226.66,Female,Bengaluru,45-54
CUST_0744,2024-12-06,203,13,3453.89,Male,Hyderabad,35-44
CUST_0745,2024-12-15,194,13,3424.6800000000003,Female,Ahmedabad,18-24
CUST_0746,2024-11-06,233,16,4071.62,Male,Kolkata,35-44
CUST_0747,2024-10-18,252,17,4837.46,Other,Delhi,25-34
CUST_0748,2024-10-09,261,12,2767.62,Male,Chennai,25-34
CUST_0749,2024-12-31,178,19,5487.07,Female,Delhi,55+
CUST_0750,2024-12-17,192,11,2195.17,Other,Delhi,55+
CUST_0751,2024-10-06,264,20,4877.84,Male,Mumbai,18-24
CUST_0752,2024-10-18,252,13,3285.59,Male,Bengaluru,18-24
CUST_0753,2024-09-10,290,17,4357.57,Female,Chennai,25-34
CUST_0754,2024-12-27,182,17,3895.82,Female,Bengaluru,35-44
CUST_0755,2024-12-21,188,11,3200.18,Other,Chennai,35-44
CUST_0756,2024-12-05,204,13,4863.7,Other,Chennai,25-34
CUST_0757,2024-12-02,207,20,4871.11,Female,Mumbai,45-54
CUST_0758,2024-09-23,277,12,2816.57,Other,Ahmedabad,55+
CUST_0759,2024-09-25,275,16,4444.2300000000005,Other,Delhi,55+
CUST_0760,2024-12-04,205,14,3345.68,Other,Bengaluru,18-24
CUST_0761,2024-11-27,212,15,3063.52,Male,Kolkata,35-44
CUST_0762,2024-12-19,190,12,2926.11,Female,Mumbai,35-44
CUST_0763,2024-12-07,202,18,4333.82,Other,Mumbai,35-44
CUST_0764,2024-07-25,337,5,639.1800000000001,Male,Ahmedabad,55+
CUST_0765,2024-11-06,233,17,5006.29,Female,Ahmedabad,55+
CUST_0766,2024-11-24,215,10,3065.02,Male,Hyderabad,25-34
CUST_0767,2024-12-05,204,15,3350.78,Male,Hyderabad,35-44
CUST_0768,2024-05-10,413,6,1374.65,Female,Mumbai,55+
CUST_0769,2024-11-02,237,17,3754.93,Female,Ahmedabad,18-24
CUST_0770,2024-12-23,186,14,3976.15,Other,Mumbai,25-34
CUST_0771,2024-12-29,180,16,3921.58,Male,Pune,35-44
CUST_0772,2024-11-29,210,19,4797.48,Female,Mumbai,25-34
CUST_0773,2024-12-10,199,22,5494.81,Female,Chennai,45-54
CUST_0774,2024-12-27,182,18,3393.2,Female,Pune,55+
CUST_0775,2024-10-29,241,13,3367.46,Other,Hyderabad,45-54
CUST_0776,2024-11-18,221,11,3018.61,Male,Delhi,45-54
CUST_0777,2024-12-26,183,13,3551.15,Male,Ahmedabad,35-44
CUST_0778,2024-10-22,248,17,4196.25,Female,Bengaluru,25-34
CUST_0779,2024-07-02,360,8,1041.53,Female,Ahmedabad,18-24
CUST_0780,2024-12-31,178,21,5489.6900000000005,Female,Mumbai,35-44
CUST_0781,2024-12-31,178,12,4135.21,Other,Kolkata,18-24
CUST_0782,2024-11-21,218,16,3463.7400000000002,Male,Kolkata,35-44
CUST_0783,2024-08-26,305,17,4230.14,Female,Chennai,35-44
CUST_0784,2024-07-30,332,11,3537.37,Female,Pune,55+
CUST_0785,2024-12-13,196,17,4514.43,Male,Kolkata,18-24
CUST_0786,2024-12-30,179,19,4986.94,Other,Pune,55+
CUST_0787,2024-10-15,255,16,4790.74,Female,Pune,35-44
CUST_0788,2024-08-14,317,12,3248.0,Male,Delhi,35-44
CUST_0789,2024-12-02,207,19,5778.9,Other,Pune,55+
CUST_0790,2024-08-20,311,16,3565.93,Other,Kolkata,45-54
CUST_0791,2024-10-01,269,13,3380.17,Male,Pune,55+
CUST_0792,2024-12-07,202,16,3739.15,Female,Delhi,35-44
CUST_0793,2024-08-19,312,18,3771.5699999999997,Female,Ahmedabad,35-44
CUST_0794,2024-11-23,216,14,2884.19,Male,Pune,25-34
CUST_0795,2024-11-24,215,18,3472.34,Other,Pune,55+
CUST_0796,2024-11-16,223,17,4553.61,Male,Bengaluru,25-34
CUST_0797,2024-11-18,221,11,2729.69,Male,Hyderabad,45-54
CUST_0798,2024-12-21,188,26,6216.7,Female,Delhi,35-44
CUST_0799,2024-11-11,228,13,2935.67,Female,Delhi,25-34
CUST_0800,2024-12-19,190,10,2342.56,Male,Mumbai,35-44
CUST_0801,2024-08-26,305,12,3325.13,Male,Ahmedabad,18-24
CUST_0802,2024-11-19,220,17,5042.99,Female,Chennai,45-54
CUST_0803,2024-09-04,296,8,1835.67,Female,Pune,55+
CUST_0804,2024-09-08,292,11,2093.44,Other,Chennai,45-54
CUST_0805,2024-12-10,199,17,4933.84,Other,Pune,18-24
CUST_0806,2024-12-13,196,23,5578.55,Other,Delhi,35-44
CUST_0807,2024-12-28,181,12,3286.1,Female,Delhi,35-44
CUST_0808,2024-11-24,215,9,2463.87,Female,Ahmedabad,45-54
CUST_0809,2024-12-09,200,17,3970.95,Male,Kolkata,45-54
CUST_0810,2024-12-04,205,18,4316.68,Other,Pune,35-44
CUST_0811,2024-07-07,355,7,1547.46,Other,Mumbai,25-34
CUST_0812,2024-09-28,272,21,4946.79,Male,Delhi,18-24
CUST_0813,2024-11-09,230,14,3187.5099999999998,Male,Kolkata,55+
CUST_0814,2024-11-03,236,10,3058.07,Female,Bengaluru,35-44
CUST_0815,2024-12-23,186,10,3145.38,Female,Chennai,55+
CUST_0816,2024-12-17,192,22,5817.09,Other,Bengaluru,25-34
CUST_0817,2024-12-04,205,7,2296.38,Female,Pune,25-34
CUST_0818,2024-12-08,201,14,3038.56,Female,Pune,25-34
CUST_0819,2024-12-13,196,15,4001.54,Other,Ahmedabad,35-44
CUST_0820,2024-12-17,192,24,5757.05,Female,Bengaluru,45-54
CUST_0821,2024-12-09,200,20,3368.43,Other,Chennai,55+
CUST_0822,2024-11-09,230,18,4864.87,Other,Mumbai,18-24
CUST_0823,2024-12-11,198,18,4823.46,Male,Hyderabad,25-34
CUST_0824,2024-07-23,339,10,2699.65,Other,Kolkata,25-34
CUST_0825,2024-12-29,180,14,4486.42,Male,Ahmedabad,45-54
CUST_0826,2024-11-11,228,14,3618.18,Female,Chennai,18-24
CUST_0827,2024-09-21,279,16,4294.6,Other,Pune,55+
CUST_0828,2024-11-25,214,10,2671.83,Other,Kolkata,25-34
CUST_0829,2024-12-08,201,22,4983.2,Other,Mumbai,45-54
CUST_0830,2024-12-27,182,17,4033.19,Other,Hyderabad,18-24
CUST_0831,2024-12-29,180,15,3648.88,Male,Pune,35-44
CUST_0832,2024-10-18,252,7,1410.29,Male,Ahmedabad,18-24
CUST_0833,2024-11-19,220,13,2750.99,Other,Hyderabad,45-54
CUST_0834,2024-11-09,230,21,5947.74,Female,Kolkata,25-34
CUST_0835,2024-11-29,210,14,2974.27,Other,Pune,55+
CUST_0836,2024-12-06,203,20,5046.07,Male,Chennai,55+
CUST_0837,2024-09-26,274,12,3552.69,Female,Hyderabad,45-54
CUST_0838,2024-12-26,183,16,4546.25,Male,Chennai,25-34
CUST_0839,2024-09-13,287,8,2390.26,Female,Ahmedabad,25-34
CUST_0840,2024-12-15,194,19,4968.77,Other,Hyderabad,25-34
CUST_0841,2024-12-30,179,20,5103.59,Male,Hyderabad,25-34
CUST_0842,2024-09-10,290,20,5086.83,Female,Mumbai,25-34
CUST_0843,2024-12-12,197,28,8247.79,Male,Chennai,25-34
CUST_0844,2024-05-07,416,8,1539.02,Female,Pune,18-24
CUST_0845,2024-11-24,215,11,2671.4500000000003,Other,Hyderabad,45-54
CUST_0846,2024-12-18,191,18,4255.97,Female,Hyderabad,45-54
CUST_0847,2024-12-10,199,9,2837.99,Female,Mumbai,25-34
CUST_0848,2024-10-18,252,21,4935.87,Other,Pune,35-44
CUST_0849,2024-04-18,435,8,2221.39,Other,Mumbai,18-24
CUST_0850,2024-12-10,199,22,5517.6900000000005,Female,Kolkata,18-24
CUST_0851,2024-10-07,263,16,4550.37,Female,Ahmedabad,35-44
CUST_0852,2024-10-01,269,14,3256.47,Female,Ahmedabad,55+
CUST_0853,2024-10-04,266,7,1482.57,Other,Pune,45-54
CUST_0854,2024-12-08,201,11,3854.04,Female,Ahmedabad,45-54
CUST_0855,2024-12-20,189,17,4325.03,Female,Delhi,45-54
CUST_0856,2024-11-21,218,30,7093.8099999999995,Male,Delhi,55+
CUST_0857,2024-12-17,192,20,5023.12,Female,Ahmedabad,35-44
CUST_0858,2024-12-30,179,14,4432.2,Female,Hyderabad,18-24
CUST_0859,2024-12-10,199,10,2868.89,Female,Pune,25-34
CUST_0860,2024-08-05,326,9,1586.19,Other,Kolkata,35-44
CUST_0861,2024-12-25,184,19,4389.27,Other,Ahmedabad,18-24
CUST_0862,2024-10-02,268,21,3977.91,Female,Hyderabad,18-24
CUST_0863,2024-06-07,385,9,1841.47,Female,Mumbai,25-34
CUST_0864,2024-12-28,181,14,3492.61,Female,Mumbai,35-44
CUST_0865,2024-12-01,208,11,2763.74,Other,Ahmedabad,25-34
CUST_0866,2024-12-12,197,15,3948.63,Male,Bengaluru,25-34
CUST_0867,2024-10-13,257,11,2401.32,Other,Kolkata,55+
CUST_0868,2024-11-16,223,20,5941.92,Other,Hyderabad,25-34
CUST_0869,2024-11-17,222,20,5330.95,Other,Kolkata,45-54
CUST_0870,2024-12-16,193,7,1227.5,Other,Delhi,18-24
CUST_0871,2024-10-01,269,15,3383.26,Other,Ahmedabad,45-54
CUST_0872,2024-10-09,261,11,2088.42,Female,Bengaluru,25-34
CUST_0873,2024-12-01,208,23,5840.87,Other,Pune,45-54
CUST_0874,2024-12-09,200,17,4156.4,Female,Ahmedabad,35-44
CUST_0875,2024-08-10,321,10,3109.96,Male,Mumbai,35-44
CUST_0876,2024-11-25,214,6,1005.27,Female,Bengaluru,18-24
CUST_0877,2024-12-16,193,11,3228.99,Other,Ahmedabad,18-24
CUST_0878,2024-11-08,231,18,4166.8,Male,Pune,18-24
CUST_0879,2024-12-22,187,15,3417.1,Male,Ahmedabad,55+
CUST_0880,2024-12-23,186,12,2770.19,Other,Bengaluru,55+
CUST_0881,2024-12-09,200,20,5813.18,Male,Bengaluru,55+
CUST_0882,2024-10-16,254,14,3744.77,Other,Ahmedabad,25-34
CUST_0883,2024-01-22,522,7,2004.9299999999998,Other,Mumbai,18-24
CUST_0884,2024-10-03,267,11,3352.03,Other,Kolkata,55+
CUST_0885,2024-11-02,237,7,1872.94,Male,Ahmedabad,18-24
CUST_0886,2024-12-10,199,18,4214.72,Other,Bengaluru,55+
CUST_0887,2024-12-21,188,17,4864.38,Male,Pune,45-54
CUST_0888,2024-12-11,198,22,4961.44,Male,Pune,55+
CUST_0889,2024-12-19,190,8,1691.8,Female,Kolkata,18-24
CUST_0890,2024-12-29,180,17,3140.0,Male,Bengaluru,35-44
CUST_0891,2024-11-30,209,9,2323.25,Female,Bengaluru,18-24
CUST_0892,2024-10-15,255,13,2550.26,Other,Ahmedabad,45-54
CUST_0893,2024-09-20,280,8,2450.18,Female,Bengaluru,18-24
CUST_0894,2024-12-09,200,15,3851.25,Female,Hyderabad,45-54
CUST_0895,2024-12-28,181,22,5429.7,Other,Hyderabad,55+
CUST_0896,2024-12-29,180,17,3904.2400000000002,Other,Ahmedabad,55+
CUST_0897,2024-11-15,224,20,5851.83,Female,Hyderabad,35-44
CUST_0898,2024-10-30,240,11,2718.84,Male,Delhi,18-24
CUST_0899,2024-09-21,279,15,4047.98,Other,Ahmedabad,18-24
CUST_0900,2024-10-06,264,15,4025.01,Male,Bengaluru,18-24
CUST_0901,2024-11-22,217,16,2994.06,Other,Hyderabad,35-44
CUST_0902,2024-10-29,241,12,2475.5299999999997,Female,Delhi,35-44
CUST_0903,2023-08-21,676,2,859.24,Other,Mumbai,18-24
CUST_0904,2024-09-28,272,13,2545.88,Female,Ahmedabad,18-24
CUST_0905,2024-12-02,207,14,2361.4900000000002,Other,Mumbai,25-34
CUST_0906,2024-10-10,260,6,2383.9300000000003,Other,Pune,25-34
CUST_0907,2024-12-05,204,16,4320.94,Female,Mumbai,55+
CUST_0908,2024-12-16,193,12,2626.27,Male,Ahmedabad,25-34
CUST_0909,2024-12-27,182,23,5913.31,Female,Ahmedabad,35-44
CUST_0910,2024-12-16,193,9,2544.58,Male,Bengaluru,25-34
CUST_0911,2024-12-24,185,16,4012.08,Male,Hyderabad,25-34
CUST_0912,2024-11-11,228,17,4128.75,Female,Mumbai,18-24
CUST_0913,2024-10-30,240,11,3214.83,Other,Bengaluru,18-24
CUST_0914,2024-07-22,340,7,2082.01,Female,Kolkata,25-34
CUST_0915,2024-12-23,186,17,3855.06,Male,Hyderabad,25-34
CUST_0916,2024-11-18,221,20,4910.7,Male,Chennai,18-24
CUST_0917,2024-12-07,202,18,4756.1,Female,Mumbai,35-44
CUST_0918,2024-12-01,208,22,4390.0,Female,Hyderabad,25-34
CUST_0919,2024-12-27,182,19,3978.7,Female,Bengaluru,18-24
CUST_0920,2024-11-05,234,16,4097.62,Male,Delhi,45-54
CUST_0921,2024-12-19,190,7,1439.27,Female,Bengaluru,18-24
CUST_0922,2024-05-26,397,12,2963.2,Female,Chennai,18-24
CUST_0923,2024-11-22,217,13,2909.44,Male,Ahmedabad,45-54
CUST_0924,2024-09-24,276,10,2742.0099999999998,Female,Pune,45-54
CUST_0925,2024-09-11,289,14,3044.56,Male,Bengaluru,55+
CUST_0926,2024-12-06,203,14,2725.2799999999997,Other,Ahmedabad,55+
CUST_0927,2024-12-31,178,14,3971.65,Female,Kolkata,55+
CUST_0928,2024-10-05,265,23,7109.0,Male,Bengaluru,55+
CUST_0929,2024-12-06,203,16,4238.2,Other,Delhi,18-24
CUST_0930,2024-12-02,207,1,462.04,Other,Bengaluru,45-54
CUST_0931,2024-12-26,183,15,3393.12,Female,Mumbai,18-24
CUST_0932,2024-11-20,219,22,4599.8099999999995,Other,Pune,18-24
CUST_0933,2024-12-29,180,20,5098.27,Male,Hyderabad,18-24
CUST_0934,2024-08-14,317,21,5423.49,Male,Kolkata,25-34
CUST_0935,2024-11-18,221,19,5026.93,Male,Pune,55+
CUST_0936,2024-12-13,196,27,6358.71,Other,Chennai,55+
CUST_0937,2024-12-09,200,18,5024.11,Male,Chennai,45-54
CUST_0938,2024-11-25,214,18,3275.14,Female,Kolkata,45-54
CUST_0939,2024-09-21,279,17,3078.56,Other,Chennai,45-54
CUST_0940,2024-11-17,222,10,2577.76,Female,Bengaluru,25-34
CUST_0941,2024-12-14,195,13,3665.61,Other,Mumbai,25-34
CUST_0942,2024-11-10,229,16,3938.88,Female,Kolkata,45-54
CUST_0943,2024-12-23,186,12,2877.52,Female,Pune,45-54
CUST_0944,2024-12-15,194,17,5106.01,Male,Bengaluru,35-44
CUST_0945,2024-11-08,231,22,3886.91,Female,Hyderabad,35-44
CUST_0946,2024-12-24,185,19,4658.43,Female,Mumbai,18-24
CUST_0947,2024-09-02,298,18,5409.82,Male,Kolkata,18-24
CUST_0948,2024-11-11,228,14,3852.09,Female,Kolkata,35-44
CUST_0949,2024-12-19,190,19,5047.35,Male,Ahmedabad,18-24
CUST_0950,2024-11-20,219,16,3836.54,Female,Bengaluru,18-24
CUST_0951,2024-12-19,190,19,5240.88,Male,Ahmedabad,55+
CUST_0952,2024-12-29,180,6,1364.38,Female,Delhi,25-34
CUST_0953,2024-12-22,187,16,4095.52,Other,Bengaluru,55+
CUST_0954,2024-09-14,286,13,4249.84,Other,Delhi,25-34
CUST_0955,2024-09-28,272,16,4072.98,Male,Kolkata,45-54
CUST_0956,2024-12-30,179,12,2572.18,Other,Hyderabad,35-44
CUST_0957,2024-10-22,248,16,3297.47,Other,Ahmedabad,25-34
CUST_0958,2024-12-30,179,8,2215.44,Male,Pune,35-44
CUST_0959,2024-07-25,337,14,3629.8199999999997,Female,Ahmedabad,18-24
CUST_0960,2024-12-05,204,13,3024.48,Female,Kolkata,25-34
CUST_0961,2024-12-29,180,15,4215.51,Male,Chennai,35-44
CUST_0962,2024-12-31,178,8,1878.91,Other,Mumbai,25-34
CUST_0963,2024-12-23,186,26,7683.57,Female,Ahmedabad,45-54
CUST_0964,2024-12-24,185,23,6660.78,Male,Bengaluru,35-44
CUST_0965,2024-09-28,272,20,3662.2200000000003,Other,Hyderabad,55+
CUST_0966,2024-12-31,178,15,3315.9700000000003,Female,Bengaluru,18-24
CUST_0967,2024-09-19,281,12,2714.27,Male,Pune,45-54
CUST_0968,2024-11-20,219,21,5365.44,Female,Kolkata,45-54
CUST_0969,2024-07-19,343,6,1563.22,Male,Chennai,18-24
CUST_0970,2024-09-04,296,15,3263.05,Other,Hyderabad,25-34
CUST_0971,2024-12-18,191,25,6063.89,Male,Delhi,18-24
CUST_0972,2024-11-22,217,13,3155.32,Male,Delhi,25-34
CUST_0973,2024-12-02,207,19,5001.15,Other,Hyderabad,55+
CUST_0974,2024-12-13,196,20,6217.1900000000005,Other,Chennai,55+
CUST_0975,2024-11-06,233,8,1642.88,Other,Delhi,35-44
CUST_0976,2024-12-11,198,26,7422.14,Female,Delhi,25-34
CUST_0977,2024-12-03,206,12,2536.29,Male,Pune,45-54
CUST_0978,2024-12-24,185,18,5778.18,Female,Hyderabad,18-24
CUST_0979,2024-12-17,192,17,4905.48,Other,Pune,45-54
CUST_0980,2024-11-06,233,13,2637.35,Other,Hyderabad,18-24
CUST_0981,2024-12-29,180,31,8276.3,Other,Ahmedabad,35-44
CUST_0982,2024-09-25,275,3,930.92,Male,Hyderabad,45-54
CUST_0983,2024-09-06,294,7,1836.17,Female,Hyderabad,35-44
CUST_0984,2024-12-22,187,20,5211.27,Male,Hyderabad,55+
CUST_0985,2024-12-24,185,18,4146.93,Other,Bengaluru,55+
CUST_0986,2024-11-17,222,7,1323.32,Female,Chennai,25-34
CUST_0987,2024-10-17,253,18,4719.75,Other,Ahmedabad,25-34
CUST_0988,2024-12-19,190,18,4575.54,Female,Delhi,25-34
CUST_0989,2024-12-17,192,1,441.31,Male,Delhi,18-24
CUST_0990,2024-07-28,334,13,2231.85,Female,Pune,18-24
CUST_0991,2024-10-29,241,21,5772.34,Male,Mumbai,25-34
CUST_0992,2024-12-20,189,26,7315.18,Female,Chennai,55+
CUST_0993,2024-11-19,220,26,6591.92,Other,Ahmedabad,55+
CUST_0994,2024-11-17,222,12,2419.79,Male,Chennai,25-34
CUST_0995,2024-11-19,220,17,3859.3199999999997,Female,Hyderabad,45-54
CUST_0996,2024-12-01,208,16,3195.55,Male,Delhi,55+
CUST_0997,2024-09-25,275,13,3039.62,Male,Hyderabad,35-44
CUST_0998,2024-11-18,221,16,3991.0299999999997,Other,Hyderabad,45-54
CUST_0999,2024-11-12,227,9,1943.75,Male,Delhi,25-34
CUST_1000,2024-12-29,180,14,3475.91,Male,Ahmedabad,35-44
